nom,time,T1,T2,frequency,anharmonicity,readout_error,prob_meas0_prep1,prob_meas1_prep0,readout_length
ibm_fez,2025-11-22_09:47:07,5.983115626201579e-05,5.289147644454851e-05,,,0.0078125,0.0146484375,0.0009765625,1.56e-06
ibm_fez,2025-11-22_09:47:07,0.00019489503501559432,0.00020452404560212037,,,0.01904296875,0.024658203125,0.013427734375,1.56e-06
ibm_fez,2025-11-22_09:47:07,0.0002116292525703705,0.0001591714142073702,,,0.0072021484375,0.007568359375,0.0068359375,1.56e-06
ibm_fez,2025-11-22_09:47:07,0.00010027961317333267,0.00010840148878460191,,,0.0224609375,0.020751953125,0.024169921875,1.56e-06
ibm_fez,2025-11-22_09:47:07,0.00015977098936969768,0.00012108591880597601,,,0.0040283203125,0.006103515625,0.001953125,1.56e-06
ibm_fez,2025-11-22_09:47:07,0.00019356956111350493,0.00016002601669916686,,,0.006103515625,0.0087890625,0.00341796875,1.56e-06
ibm_fez,2025-11-22_09:47:07,0.00015843238816237704,4.123143337908794e-05,,,0.007568359375,0.009033203125,0.006103515625,1.56e-06
ibm_fez,2025-11-22_09:47:07,0.00016733393196507917,4.1069442906154646e-05,,,0.021484375,0.0302734375,0.0126953125,1.56e-06
ibm_fez,2025-11-22_09:47:07,8.579229442184882e-05,2.7287574473568835e-05,,,0.0042724609375,0.006591796875,0.001953125,1.56e-06
ibm_fez,2025-11-22_09:47:07,0.00026766970260485386,3.231058341553924e-05,,,0.0093994140625,0.01171875,0.007080078125,1.56e-06
ibm_fez,2025-11-22_09:47:07,0.00019761874038329576,0.00012715635411096002,,,0.006591796875,0.0087890625,0.00537109375,1.56e-06
ibm_fez,2025-11-22_09:47:07,9.170730817736104e-05,6.242723940378513e-05,,,0.0313720703125,0.0302734375,0.032470703125,1.56e-06
ibm_fez,2025-11-22_09:47:07,6.946643928631504e-05,6.735140519311353e-05,,,0.0223388671875,0.02587890625,0.018798828125,1.56e-06
ibm_fez,2025-11-22_09:47:07,0.00019887947453534264,0.00010737860069104283,,,0.01318359375,0.015869140625,0.010498046875,1.56e-06
ibm_fez,2025-11-22_09:47:07,0.0001703238271689672,6.236264188389598e-05,,,0.0064697265625,0.008544921875,0.00439453125,1.56e-06
ibm_fez,2025-11-22_09:47:07,0.00015985105901973802,0.00012017057016657198,,,0.015869140625,0.01806640625,0.013671875,1.56e-06
ibm_fez,2025-11-22_09:47:07,6.469867489017785e-05,3.093405829318616e-05,,,0.006103515625,0.010986328125,0.001220703125,1.56e-06
ibm_fez,2025-11-22_09:47:07,0.00015535082629152862,9.59247763053961e-05,,,0.0062255859375,0.0087890625,0.003662109375,1.56e-06
ibm_fez,2025-11-22_09:47:07,0.00011039743915149412,5.8281543175426255e-05,,,0.0062255859375,0.008544921875,0.00390625,1.56e-06
ibm_fez,2025-11-22_09:47:07,0.00010279937066009461,0.00011643264600457069,,,0.0078125,0.0107421875,0.0048828125,1.56e-06
ibm_fez,2025-11-22_09:47:07,0.00018001224021331716,0.0001957035866570881,,,0.00927734375,0.013916015625,0.004638671875,1.56e-06
ibm_fez,2025-11-22_09:47:07,8.414389253576152e-05,0.00010348261747575593,,,0.0078125,0.013916015625,0.001708984375,1.56e-06
ibm_fez,2025-11-22_09:47:07,0.0001923645727663797,0.00014087893442448293,,,0.0086669921875,0.016357421875,0.0009765625,1.56e-06
ibm_fez,2025-11-22_09:47:07,0.0002046977652218799,0.00018863755982209725,,,0.0054931640625,0.010009765625,0.0009765625,1.56e-06
ibm_fez,2025-11-22_09:47:07,0.00014247767399041866,0.00014417963748294,,,0.00927734375,0.011474609375,0.007080078125,1.56e-06
ibm_fez,2025-11-22_09:47:07,0.00016282290365813226,0.00012459493147692064,,,0.0106201171875,0.01318359375,0.008056640625,1.56e-06
ibm_fez,2025-11-22_09:47:07,0.00015422981522764296,0.00010511160204797498,,,0.0078125,0.01025390625,0.00537109375,1.56e-06
ibm_fez,2025-11-22_09:47:07,0.0001039501020202885,0.00011800600692122479,,,0.0101318359375,0.021484375,0.003173828125,1.56e-06
ibm_fez,2025-11-22_09:47:07,0.00014463824295994399,0.00015836987604547369,,,0.0068359375,0.009521484375,0.004150390625,1.56e-06
ibm_fez,2025-11-22_09:47:07,0.00015779112381790727,5.611478365017107e-05,,,0.0113525390625,0.01513671875,0.007568359375,1.56e-06
ibm_fez,2025-11-22_09:47:07,0.0001187065025314053,0.00011014679973823657,,,0.0087890625,0.009765625,0.0078125,1.56e-06
ibm_fez,2025-11-22_09:47:07,6.079146823621731e-05,4.375866396345922e-05,,,0.0203857421875,0.028564453125,0.01220703125,1.56e-06
ibm_fez,2025-11-22_09:47:07,0.00011749885835439492,8.38354325773051e-05,,,0.0340576171875,0.0322265625,0.035888671875,1.56e-06
ibm_fez,2025-11-22_09:47:07,0.00010096774990985725,0.00013688505009596105,,,0.0174560546875,0.02587890625,0.009033203125,1.56e-06
ibm_fez,2025-11-22_09:47:07,0.00021298867669068014,8.698197963696608e-05,,,0.013916015625,0.014892578125,0.012939453125,1.56e-06
ibm_fez,2025-11-22_09:47:07,0.00014542027168109,4.773235977194867e-05,,,0.0147705078125,0.022216796875,0.00732421875,1.56e-06
ibm_fez,2025-11-22_09:47:07,0.0001226168718416693,9.162707933126954e-05,,,0.0074462890625,0.008544921875,0.00634765625,1.56e-06
ibm_fez,2025-11-22_09:47:07,7.895668136894393e-05,8.443713683580094e-05,,,0.0120849609375,0.015625,0.008544921875,1.56e-06
ibm_fez,2025-11-22_09:47:07,4.5965055433410586e-05,5.679598613749716e-05,,,0.008056640625,0.010986328125,0.005126953125,1.56e-06
ibm_fez,2025-11-22_09:47:07,6.594402943346813e-05,8.275318421465781e-05,,,0.01318359375,0.0146484375,0.01171875,1.56e-06
ibm_fez,2025-11-22_09:47:07,0.00017003374925166997,0.00013384916591602502,,,0.021484375,0.02392578125,0.01904296875,1.56e-06
ibm_fez,2025-11-22_09:47:07,0.00022309715715583436,0.00015076493956207046,,,0.0780029296875,0.089599609375,0.06640625,1.56e-06
ibm_fez,2025-11-22_09:47:07,0.00013338565336518224,4.0485335191358084e-05,,,0.015869140625,0.01904296875,0.0126953125,1.56e-06
ibm_fez,2025-11-22_09:47:07,0.00020550639014559345,9.26163089608258e-05,,,0.096435546875,0.09814453125,0.0947265625,1.56e-06
ibm_fez,2025-11-22_09:47:07,0.000132168905019683,0.00010193303738541794,,,0.0074462890625,0.009765625,0.00439453125,1.56e-06
ibm_fez,2025-11-22_09:47:07,0.00019075517738180304,0.00017394037623818284,,,0.0447998046875,0.03564453125,0.053955078125,1.56e-06
ibm_fez,2025-11-22_09:47:07,0.00011964613347054126,1.1993193396477344e-05,,,0.006591796875,0.00830078125,0.0048828125,1.56e-06
ibm_fez,2025-11-22_09:47:07,0.00010242134662419404,4.696615177711953e-05,,,0.021240234375,0.024658203125,0.017822265625,1.56e-06
ibm_fez,2025-11-22_09:47:07,0.00018931491093801976,4.284709586680311e-05,,,0.0054931640625,0.008544921875,0.00244140625,1.56e-06
ibm_fez,2025-11-22_09:47:07,8.144798673384251e-05,2.98565432468735e-05,,,0.01904296875,0.02294921875,0.01513671875,1.56e-06
ibm_fez,2025-11-22_09:47:07,0.00016121736252234245,0.00012272382486276727,,,0.0040283203125,0.0048828125,0.003173828125,1.56e-06
ibm_fez,2025-11-22_09:47:07,6.936818892664765e-05,6.738207072484979e-05,,,0.037841796875,0.034912109375,0.040771484375,1.56e-06
ibm_fez,2025-11-22_09:47:07,0.00012628380000758599,0.00010578258979281025,,,0.0091552734375,0.014892578125,0.00341796875,1.56e-06
ibm_fez,2025-11-22_09:47:07,0.00010345444549429425,1.281766885260262e-05,,,0.0477294921875,0.05029296875,0.045166015625,1.56e-06
ibm_fez,2025-11-22_09:47:07,0.00013298217023059519,0.0001832577088171396,,,0.0081787109375,0.01025390625,0.006103515625,1.56e-06
ibm_fez,2025-11-22_09:47:07,0.00022163604110817534,0.00019658367160736847,,,0.0697021484375,0.12109375,0.018310546875,1.56e-06
ibm_fez,2025-11-22_09:47:07,0.00012169007319320297,0.00013249442029338322,,,0.0101318359375,0.0146484375,0.005615234375,1.56e-06
ibm_fez,2025-11-22_09:47:07,6.484214465764013e-05,3.94453266748781e-05,,,0.0079345703125,0.01416015625,0.001708984375,1.56e-06
ibm_fez,2025-11-22_09:47:07,0.00013227594003569154,0.00012253557175861127,,,0.0050048828125,0.009033203125,0.0009765625,1.56e-06
ibm_fez,2025-11-22_09:47:07,0.00011270565097032101,0.00011823683955276761,,,0.007080078125,0.00830078125,0.005859375,1.56e-06
ibm_fez,2025-11-22_09:47:07,8.703233501467487e-05,3.573679062358324e-05,,,0.0382080078125,0.045166015625,0.03125,1.56e-06
ibm_fez,2025-11-22_09:47:07,0.00022462156387276363,0.00011278669153286045,,,0.0360107421875,0.0400390625,0.03662109375,1.56e-06
ibm_fez,2025-11-22_09:47:07,0.0001308313940731779,4.285149735242117e-05,,,0.0164794921875,0.019287109375,0.013671875,1.56e-06
ibm_fez,2025-11-22_09:47:07,0.0001575143345284843,1.5188002584380451e-05,,,0.0447998046875,0.043212890625,0.04638671875,1.56e-06
ibm_fez,2025-11-22_09:47:07,0.00015187059338727144,0.00012131195478845722,,,0.0037841796875,0.007080078125,0.00048828125,1.56e-06
ibm_fez,2025-11-22_09:47:07,2.6298184776314832e-05,2.313086097151127e-05,,,0.09375,0.096923828125,0.090576171875,1.56e-06
ibm_fez,2025-11-22_09:47:07,0.00011213077614657351,1.5477769943877292e-05,,,0.0086669921875,0.01220703125,0.005126953125,1.56e-06
ibm_fez,2025-11-22_09:47:07,0.00018773504981517143,5.925652513886402e-05,,,0.0477294921875,0.052734375,0.042724609375,1.56e-06
ibm_fez,2025-11-22_09:47:07,0.00012473773129473447,0.00011266052309850629,,,0.005615234375,0.009521484375,0.001708984375,1.56e-06
ibm_fez,2025-11-22_09:47:07,0.00016483347673351416,9.75934515749725e-05,,,0.0057373046875,0.0087890625,0.002685546875,1.56e-06
ibm_fez,2025-11-22_09:47:07,0.00010051534700288892,8.30624202830101e-05,,,0.0048828125,0.009033203125,0.000732421875,1.56e-06
ibm_fez,2025-11-22_09:47:07,0.00015027057009862023,0.00011962175148690295,,,0.0103759765625,0.01708984375,0.003662109375,1.56e-06
ibm_fez,2025-11-22_09:47:07,8.837965662986427e-06,9.915649886504495e-05,,,0.3004150390625,0.23779296875,0.363037109375,1.56e-06
ibm_fez,2025-11-22_09:47:07,0.00015632915728816616,7.181242616725979e-05,,,0.0162353515625,0.016845703125,0.015625,1.56e-06
ibm_fez,2025-11-22_09:47:07,0.00013168561007083785,0.0001364298993674615,,,0.009765625,0.01416015625,0.00537109375,1.56e-06
ibm_fez,2025-11-22_09:47:07,0.00014180311446218026,0.00012821355211433576,,,0.0062255859375,0.00927734375,0.003173828125,1.56e-06
ibm_fez,2025-11-22_09:47:07,9.38725822172366e-05,6.77624953130128e-05,,,0.031005859375,0.032470703125,0.029541015625,1.56e-06
ibm_fez,2025-11-22_09:47:07,0.00013547336629778916,5.1143647588848236e-05,,,0.0107421875,0.0126953125,0.0087890625,1.56e-06
ibm_fez,2025-11-22_09:47:07,0.00010730564313168371,9.96773518607542e-05,,,0.01611328125,0.01708984375,0.015380859375,1.56e-06
ibm_fez,2025-11-22_09:47:07,0.0001390016002089112,4.091150483678217e-05,,,0.012451171875,0.01611328125,0.0087890625,1.56e-06
ibm_fez,2025-11-22_09:47:07,0.00012143696918955552,9.069018510332813e-05,,,0.005126953125,0.0068359375,0.00341796875,1.56e-06
ibm_fez,2025-11-22_09:47:07,0.0001472031082316962,2.4337715345937583e-05,,,0.016357421875,0.02197265625,0.0107421875,1.56e-06
ibm_fez,2025-11-22_09:47:07,0.00014066447669847625,3.207268699972664e-05,,,0.004150390625,0.0068359375,0.00146484375,1.56e-06
ibm_fez,2025-11-22_09:47:07,0.0001354078434850611,0.0001495092127996984,,,0.0782470703125,0.086669921875,0.06982421875,1.56e-06
ibm_fez,2025-11-22_09:47:07,0.000124575911206245,9.572992018810184e-05,,,0.003662109375,0.007080078125,0.000244140625,1.56e-06
ibm_fez,2025-11-22_09:47:07,0.00013879427087432107,2.4294709865126836e-05,,,0.01220703125,0.01708984375,0.00732421875,1.56e-06
ibm_fez,2025-11-22_09:47:07,8.718403587067642e-05,7.883998300633093e-05,,,0.00830078125,0.009765625,0.0068359375,1.56e-06
ibm_fez,2025-11-22_09:47:07,0.0001383463081401109,0.00015946050226561055,,,0.038330078125,0.04931640625,0.02734375,1.56e-06
ibm_fez,2025-11-22_09:47:07,0.00014686853180543539,0.00020946428389697507,,,0.00537109375,0.009033203125,0.001708984375,1.56e-06
ibm_fez,2025-11-22_09:47:07,9.284054907647049e-05,5.726979014448901e-05,,,0.0198974609375,0.024169921875,0.015625,1.56e-06
ibm_fez,2025-11-22_09:47:07,0.00015252851788384846,0.00015160244686826725,,,0.008056640625,0.006591796875,0.009521484375,1.56e-06
ibm_fez,2025-11-22_09:47:07,0.0001275008554999404,2.0555103653521722e-05,,,0.0240478515625,0.0283203125,0.019775390625,1.56e-06
ibm_fez,2025-11-22_09:47:07,0.0001008785500277301,0.00015010307004620634,,,0.0067138671875,0.01025390625,0.003173828125,1.56e-06
ibm_fez,2025-11-22_09:47:07,0.00018896622951680684,0.00018735556970553071,,,0.039306640625,0.039794921875,0.038818359375,1.56e-06
ibm_fez,2025-11-22_09:47:07,0.00015392519959807972,5.751588768914416e-05,,,0.0125732421875,0.01171875,0.013427734375,1.56e-06
ibm_fez,2025-11-22_09:47:07,0.00015397727388431404,0.000123964346365962,,,0.0107421875,0.01171875,0.003173828125,1.56e-06
ibm_fez,2025-11-22_09:47:07,0.00016571539999868363,0.00014821121495453462,,,0.00439453125,0.00732421875,0.00146484375,1.56e-06
ibm_fez,2025-11-22_09:47:07,0.00011154181633361074,0.00013811171630032201,,,0.0048828125,0.005859375,0.00390625,1.56e-06
ibm_fez,2025-11-22_09:47:07,0.0001011175303647959,2.0066130043502605e-05,,,0.0096435546875,0.014404296875,0.0048828125,1.56e-06
ibm_fez,2025-11-22_09:47:07,0.00017520876224013003,4.286384209198642e-05,,,0.0098876953125,0.01318359375,0.006591796875,1.56e-06
ibm_fez,2025-11-22_09:47:07,0.00010577618002750035,2.3359589702561214e-05,,,0.0064697265625,0.010986328125,0.001953125,1.56e-06
ibm_fez,2025-11-22_09:47:07,0.00015705269732332533,0.00013565527841905456,,,0.1168212890625,0.162353515625,0.0712890625,1.56e-06
ibm_fez,2025-11-22_09:47:07,0.000161193117975073,9.654253347058236e-05,,,0.0137939453125,0.025390625,0.002197265625,1.56e-06
ibm_fez,2025-11-22_09:47:07,0.0001242985163863992,0.00014049154526199053,,,0.0047607421875,0.008544921875,0.0009765625,1.56e-06
ibm_fez,2025-11-22_09:47:07,9.527421860309969e-05,8.256846581989973e-05,,,0.0098876953125,0.014404296875,0.00537109375,1.56e-06
ibm_fez,2025-11-22_09:47:07,0.00010003044597442939,9.813389114977863e-05,,,0.01416015625,0.013427734375,0.014892578125,1.56e-06
ibm_fez,2025-11-22_09:47:07,0.00017281205514361596,0.00019190604456712466,,,0.0059814453125,0.0078125,0.004150390625,1.56e-06
ibm_fez,2025-11-22_09:47:07,5.3679989282463856e-05,1.9350310902364437e-05,,,0.0107421875,0.015869140625,0.005615234375,1.56e-06
ibm_fez,2025-11-22_09:47:07,0.00011558912421829241,0.00012614955383008215,,,0.00732421875,0.01123046875,0.00341796875,1.56e-06
ibm_fez,2025-11-22_09:47:07,0.00018091619009084876,7.548055033759936e-05,,,0.0101318359375,0.0146484375,0.005615234375,1.56e-06
ibm_fez,2025-11-22_09:47:07,0.00015583834827862406,0.0001339854511018822,,,0.0047607421875,0.007080078125,0.00244140625,1.56e-06
ibm_fez,2025-11-22_09:47:07,0.00010743010565761085,9.847702545057707e-05,,,0.0125732421875,0.019287109375,0.005859375,1.56e-06
ibm_fez,2025-11-22_09:47:07,0.00011193352049754497,9.607925865773875e-05,,,0.0093994140625,0.00830078125,0.01025390625,1.56e-06
ibm_fez,2025-11-22_09:47:07,0.00016898784140080664,2.4928238102589294e-05,,,0.0809326171875,0.072998046875,0.0888671875,1.56e-06
ibm_fez,2025-11-22_09:47:07,0.0001456751004687086,9.202326462564338e-05,,,0.0068359375,0.01220703125,0.00146484375,1.56e-06
ibm_fez,2025-11-22_09:47:07,7.850853612422457e-05,0.00013243710317137884,,,0.0045166015625,0.007568359375,0.00146484375,1.56e-06
ibm_fez,2025-11-22_09:47:07,0.00012751998195794902,0.00013537719640874528,,,0.00830078125,0.010986328125,0.005615234375,1.56e-06
ibm_fez,2025-11-22_09:47:07,0.00010107693118053682,9.738995646691289e-05,,,0.018310546875,0.0185546875,0.01806640625,1.56e-06
ibm_fez,2025-11-22_09:47:07,7.789060755408187e-05,4.977314942672099e-05,,,0.008544921875,0.013671875,0.00341796875,1.56e-06
ibm_fez,2025-11-22_09:47:07,8.262031612063876e-05,0.00011526215349910746,,,0.01416015625,0.023193359375,0.005126953125,1.56e-06
ibm_fez,2025-11-22_09:47:07,0.00016438108889220047,0.00020445250757536017,,,0.009033203125,0.010498046875,0.007568359375,1.56e-06
ibm_fez,2025-11-22_09:47:07,0.00014020775072056657,0.00013747383452826866,,,0.0125732421875,0.016845703125,0.00830078125,1.56e-06
ibm_fez,2025-11-22_09:47:07,0.0001832496655569933,6.498079019376321e-05,,,0.0162353515625,0.0244140625,0.008056640625,1.56e-06
ibm_fez,2025-11-22_09:47:07,0.00012417397423152774,0.00011091311863460006,,,0.0096435546875,0.013916015625,0.00537109375,1.56e-06
ibm_fez,2025-11-22_09:47:07,0.00010774029393697018,0.00012312319859439228,,,0.0107421875,0.020751953125,0.000732421875,1.56e-06
ibm_fez,2025-11-22_09:47:07,0.00013520070302245748,5.060529317168416e-05,,,0.0098876953125,0.011474609375,0.00830078125,1.56e-06
ibm_fez,2025-11-22_09:47:07,0.00013270486163868798,6.063824835777781e-05,,,0.005126953125,0.0078125,0.00244140625,1.56e-06
ibm_fez,2025-11-22_09:47:07,0.00022881618676523504,0.00019917831832968086,,,0.0150146484375,0.021484375,0.008544921875,1.56e-06
ibm_fez,2025-11-22_09:47:07,0.00012255113725888664,5.467244176563848e-05,,,0.01171875,0.015380859375,0.008056640625,1.56e-06
ibm_fez,2025-11-22_09:47:07,0.00011005273538003923,9.006440540815823e-05,,,0.02099609375,0.021484375,0.017333984375,1.56e-06
ibm_fez,2025-11-22_09:47:07,0.00012559636414200733,0.00013345471361828805,,,0.0068359375,0.010498046875,0.003173828125,1.56e-06
ibm_fez,2025-11-22_09:47:07,0.00013449546341424339,0.00016652997894804655,,,0.0872802734375,0.10888671875,0.065673828125,1.56e-06
ibm_fez,2025-11-22_09:47:07,0.00015595953013924576,0.00020994715488603083,,,0.00439453125,0.007080078125,0.001708984375,1.56e-06
ibm_fez,2025-11-22_09:47:07,0.00019733500738174662,4.36873258787046e-05,,,0.0118408203125,0.017822265625,0.005859375,1.56e-06
ibm_fez,2025-11-22_09:47:07,0.00016518540156030943,4.184571005725284e-05,,,0.00537109375,0.0078125,0.0029296875,1.56e-06
ibm_fez,2025-11-22_09:47:07,6.722009539292427e-05,9.038120111842645e-05,,,0.0372314453125,0.0458984375,0.028564453125,1.56e-06
ibm_fez,2025-11-22_09:47:07,0.00012608259839258593,0.00011347092448628518,,,0.0074462890625,0.01318359375,0.001708984375,1.56e-06
ibm_fez,2025-11-22_09:47:07,0.00010907822535030106,0.0001396623493201023,,,0.0045166015625,0.007568359375,0.00146484375,1.56e-06
ibm_fez,2025-11-22_09:47:07,6.607025613055368e-05,9.180947961960639e-05,,,0.00830078125,0.012939453125,0.003662109375,1.56e-06
ibm_fez,2025-11-22_09:47:07,0.00011771810704459109,3.4605042696957235e-05,,,0.0089111328125,0.016845703125,0.0009765625,1.56e-06
ibm_fez,2025-11-22_09:47:07,4.921738399595176e-05,7.09745609835686e-05,,,0.018798828125,0.022216796875,0.015380859375,1.56e-06
ibm_fez,2025-11-22_09:47:07,0.0002463992128021661,0.00012920009647992948,,,0.0064697265625,0.010498046875,0.00244140625,1.56e-06
ibm_fez,2025-11-22_09:47:07,0.00012498228785739473,0.00014283662307535203,,,0.0067138671875,0.009521484375,0.00390625,1.56e-06
ibm_fez,2025-11-22_09:47:07,0.0001334663099288741,0.00011778363080036468,,,0.0078125,0.013916015625,0.001708984375,1.56e-06
ibm_fez,2025-11-22_09:47:07,0.00020699558658642155,0.00024479698630074006,,,0.0059814453125,0.009765625,0.002197265625,1.56e-06
ibm_fez,2025-11-22_09:47:07,0.00016677948693186604,0.00014273849879422137,,,0.01611328125,0.019287109375,0.012939453125,1.56e-06
ibm_fez,2025-11-22_09:47:07,0.00011462766838237299,1.3861754581662511e-05,,,0.0067138671875,0.00732421875,0.003173828125,1.56e-06
ibm_fez,2025-11-22_09:47:07,0.00012167645235316799,0.00012003604335574085,,,0.0054931640625,0.01025390625,0.000732421875,1.56e-06
ibm_fez,2025-11-22_09:47:07,0.0001012838034314746,0.00013220404335340086,,,0.0087890625,0.015869140625,0.001708984375,1.56e-06
ibm_fez,2025-11-22_09:47:07,7.218105192048426e-05,6.881677175199729e-06,,,0.0478515625,0.0556640625,0.0400390625,1.56e-06
ibm_fez,2025-11-22_09:47:07,9.688955967340005e-05,6.701607677808724e-06,,,0.006103515625,0.010498046875,0.001708984375,1.56e-06
ibm_fez,2025-11-22_09:47:07,0.00010983577439706311,0.00012714608334878698,,,0.009521484375,0.0107421875,0.00830078125,1.56e-06
ibm_fez,2025-11-22_09:47:07,7.050878601064279e-05,0.00010616266518983037,,,0.009033203125,0.013427734375,0.004638671875,1.56e-06
ibm_fez,2025-11-22_09:47:07,7.412739094508088e-05,2.887088636125888e-05,,,0.007568359375,0.009765625,0.00537109375,1.56e-06
ibm_fez,2025-11-22_09:47:07,0.00016249257092674116,0.0001223623569059479,,,0.0062255859375,0.009033203125,0.00341796875,1.56e-06
ibm_fez,2025-11-22_09:47:07,9.30312587393385e-05,1.5248856915678734e-05,,,0.0076904296875,0.0107421875,0.004638671875,1.56e-06
ibm_torino,2025-11-22_09:47:07,0.0001900064545552269,0.0001629255795066088,,,0.1302490234375,0.14794921875,0.112548828125,1.56e-06
ibm_torino,2025-11-22_09:47:07,0.00026111490251710067,0.00018137993387156925,,,0.055419921875,0.033935546875,0.076904296875,1.56e-06
ibm_torino,2025-11-22_09:47:07,8.347045052498612e-05,0.00018076330579674794,,,0.1019287109375,0.131591796875,0.072265625,1.56e-06
ibm_torino,2025-11-22_09:47:07,0.0002847573424053495,0.00018194447713292065,,,0.0174560546875,0.01611328125,0.018798828125,1.56e-06
ibm_torino,2025-11-22_09:47:07,0.00018056696716870106,0.00027084199463824516,,,0.043212890625,0.047607421875,0.038818359375,1.56e-06
ibm_torino,2025-11-22_09:47:07,0.0002640113690923086,0.00024673174159429013,,,0.0252685546875,0.01904296875,0.031494140625,1.56e-06
ibm_torino,2025-11-22_09:47:07,4.614578510950515e-05,8.86272653395889e-05,,,0.0115966796875,0.02294921875,0.002197265625,1.56e-06
ibm_torino,2025-11-22_09:47:07,0.0002581012554692958,0.0001977002939555981,,,0.0830078125,0.062255859375,0.103759765625,1.56e-06
ibm_torino,2025-11-22_09:47:07,0.00020715218794829172,0.00021694981055767054,,,0.0604248046875,0.04736328125,0.073486328125,1.56e-06
ibm_torino,2025-11-22_09:47:07,4.279071503792281e-05,4.383891568649466e-05,,,0.018798828125,0.035400390625,0.002197265625,1.56e-06
ibm_torino,2025-11-22_09:47:07,0.00023698698118818768,0.000262075235980704,,,0.040283203125,0.027587890625,0.052978515625,1.56e-06
ibm_torino,2025-11-22_09:47:07,0.00013461101338723753,0.0001675470996227575,,,0.0106201171875,0.012939453125,0.00830078125,1.56e-06
ibm_torino,2025-11-22_09:47:07,0.00026005358083902575,0.00028306724720892105,,,0.0233154296875,0.017822265625,0.02880859375,1.56e-06
ibm_torino,2025-11-22_09:47:07,0.00030511729240625615,0.00020329295724630004,,,0.0291748046875,0.029541015625,0.02880859375,1.56e-06
ibm_torino,2025-11-22_09:47:07,0.0002582571887370198,0.00013229256558904944,,,0.0499267578125,0.068603515625,0.03125,1.56e-06
ibm_torino,2025-11-22_09:47:07,0.00021827426171896593,3.4947220261874064e-05,,,0.0184326171875,0.030517578125,0.00634765625,1.56e-06
ibm_torino,2025-11-22_09:47:07,0.00017798581922872408,0.00015031523348301335,,,0.023681640625,0.017578125,0.02978515625,1.56e-06
ibm_torino,2025-11-22_09:47:07,0.00018633978767638952,8.923232433921043e-05,,,0.0098876953125,0.0146484375,0.005126953125,1.56e-06
ibm_torino,2025-11-22_09:47:07,0.00017041538016763152,0.00015866921315655811,,,0.0087890625,0.0068359375,0.0107421875,1.56e-06
ibm_torino,2025-11-22_09:47:07,0.00010328988110564586,0.0001847184241511862,,,0.048828125,0.068115234375,0.029541015625,1.56e-06
ibm_torino,2025-11-22_09:47:07,0.00015618907440695886,0.00010849580751719199,,,0.01513671875,0.018798828125,0.011474609375,1.56e-06
ibm_torino,2025-11-22_09:47:07,6.104203757948213e-05,2.0918394165007507e-05,,,0.1019287109375,0.099365234375,0.1044921875,1.56e-06
ibm_torino,2025-11-22_09:47:07,6.199759749688694e-05,8.639702214709222e-05,,,0.0289306640625,0.03564453125,0.022216796875,1.56e-06
ibm_torino,2025-11-22_09:47:07,0.00019908241112840376,0.000196200663401108,,,0.0367431640625,0.03515625,0.03759765625,1.56e-06
ibm_torino,2025-11-22_09:47:07,0.00013576859706913893,0.0001744385147820222,,,0.02783203125,0.0224609375,0.033203125,1.56e-06
ibm_torino,2025-11-22_09:47:07,0.00024374476475004877,0.00022080950496986115,,,0.099609375,0.095947265625,0.103271484375,1.56e-06
ibm_torino,2025-11-22_09:47:07,3.931932128239075e-06,8.751648083871194e-06,,,0.035400390625,0.035400390625,0.035400390625,1.56e-06
ibm_torino,2025-11-22_09:47:07,0.000190325769524507,8.389540612404769e-05,,,0.037109375,0.032958984375,0.041259765625,1.56e-06
ibm_torino,2025-11-22_09:47:07,0.00013855560731251273,0.00010670589793600107,,,0.0074462890625,0.008056640625,0.0068359375,1.56e-06
ibm_torino,2025-11-22_09:47:07,0.0001709055365552338,0.00013039725943948582,,,0.020751953125,0.01318359375,0.0283203125,1.56e-06
ibm_torino,2025-11-22_09:47:07,0.00011561882450399571,0.00011365025008548814,,,0.0118408203125,0.005859375,0.017822265625,1.56e-06
ibm_torino,2025-11-22_09:47:07,0.0002398141651731116,0.00021247736896614115,,,0.0614013671875,0.03125,0.091552734375,1.56e-06
ibm_torino,2025-11-22_09:47:07,0.00023011016585309813,0.00012489177465698753,,,0.0169677734375,0.023681640625,0.01025390625,1.56e-06
ibm_torino,2025-11-22_09:47:07,0.00016059401487336373,6.122774615792671e-05,,,0.0535888671875,0.029541015625,0.07763671875,1.56e-06
ibm_torino,2025-11-22_09:47:07,0.0001867119234429549,0.00013320035068480993,,,0.0382080078125,0.029541015625,0.046875,1.56e-06
ibm_torino,2025-11-22_09:47:07,9.616843032835312e-05,7.464714092077037e-05,,,0.0137939453125,0.01171875,0.015869140625,1.56e-06
ibm_torino,2025-11-22_09:47:07,6.796464402405302e-05,7.779718900467247e-05,,,0.0069580078125,0.011474609375,0.00244140625,1.56e-06
ibm_torino,2025-11-22_09:47:07,0.00015971495714078092,9.735436531409374e-05,,,0.0037841796875,0.00537109375,0.002197265625,1.56e-06
ibm_torino,2025-11-22_09:47:07,0.00024353973949003136,0.00016474676768944534,,,0.0545654296875,0.051025390625,0.05810546875,1.56e-06
ibm_torino,2025-11-22_09:47:07,0.0001180183995693144,0.00013560306019481515,,,0.052001953125,0.054931640625,0.049072265625,1.56e-06
ibm_torino,2025-11-22_09:47:07,0.0001877574468541243,0.0001964935165981842,,,0.0128173828125,0.0126953125,0.006591796875,1.56e-06
ibm_torino,2025-11-22_09:47:07,6.347524215561632e-05,5.825057965828797e-05,,,0.073974609375,0.134033203125,0.013916015625,1.56e-06
ibm_torino,2025-11-22_09:47:07,0.00024773250787813876,0.00021507961041455662,,,0.1192626953125,0.0947265625,0.143798828125,1.56e-06
ibm_torino,2025-11-22_09:47:07,7.282484727820859e-05,6.666918472884033e-05,,,0.0150146484375,0.022705078125,0.00732421875,1.56e-06
ibm_torino,2025-11-22_09:47:07,0.00021536024895218712,0.00019807362964433388,,,0.035400390625,0.0302734375,0.04052734375,1.56e-06
ibm_torino,2025-11-22_09:47:07,5.0678234958163194e-05,7.122516230920981e-05,,,0.009033203125,0.01416015625,0.00390625,1.56e-06
ibm_torino,2025-11-22_09:47:07,0.0002079653810048382,0.00017417365587593065,,,0.03076171875,0.0361328125,0.025390625,1.56e-06
ibm_torino,2025-11-22_09:47:07,0.00026001491943986537,5.8530183556263915e-05,,,0.021728515625,0.032470703125,0.010986328125,1.56e-06
ibm_torino,2025-11-22_09:47:07,0.000192041418256812,0.00026675368162482505,,,0.04638671875,0.043701171875,0.049072265625,1.56e-06
ibm_torino,2025-11-22_09:47:07,0.00019128696379655408,0.00011634845537060379,,,0.02001953125,0.019775390625,0.020263671875,1.56e-06
ibm_torino,2025-11-22_09:47:07,0.00021328037960873086,0.0002079784834287462,,,0.072265625,0.07958984375,0.06494140625,1.56e-06
ibm_torino,2025-11-22_09:47:07,0.00016984280174830516,6.235127042129248e-05,,,0.0091552734375,0.00927734375,0.009033203125,1.56e-06
ibm_torino,2025-11-22_09:47:07,0.00019974484336055787,0.00024497288661524974,,,0.0242919921875,0.01318359375,0.035400390625,1.56e-06
ibm_torino,2025-11-22_09:47:07,2.2368561299607725e-05,6.241300371354171e-05,,,0.434326171875,0.829833984375,0.038818359375,1.56e-06
ibm_torino,2025-11-22_09:47:07,6.178766683937137e-05,7.000955573982205e-05,,,0.010009765625,0.00830078125,0.01171875,1.56e-06
ibm_torino,2025-11-22_09:47:07,0.00019636317863789952,0.00013961778951283852,,,0.0074462890625,0.007568359375,0.00732421875,1.56e-06
ibm_torino,2025-11-22_09:47:07,0.00023241736758215147,0.00017255543965756466,,,0.0115966796875,0.0078125,0.015380859375,1.56e-06
ibm_torino,2025-11-22_09:47:07,0.00015985772677904587,0.0002811044238100003,,,0.0299072265625,0.01513671875,0.043701171875,1.56e-06
ibm_torino,2025-11-22_09:47:07,0.0001240559732578833,0.00013806586638125207,,,0.0169677734375,0.019775390625,0.01416015625,1.56e-06
ibm_torino,2025-11-22_09:47:07,8.93347309091643e-05,0.00010647331710627529,,,0.04248046875,0.056640625,0.0283203125,1.56e-06
ibm_torino,2025-11-22_09:47:07,0.00012434602539282015,0.00012934570042292076,,,0.0103759765625,0.009033203125,0.01171875,1.56e-06
ibm_torino,2025-11-22_09:47:07,0.00023602223321100626,0.0002612184269167092,,,0.015380859375,0.015625,0.01513671875,1.56e-06
ibm_torino,2025-11-22_09:47:07,0.00016116491943782692,0.00012588636333867408,,,0.01416015625,0.021484375,0.0068359375,1.56e-06
ibm_torino,2025-11-22_09:47:07,0.00021972512934868244,0.00013622421384923514,,,0.04541015625,0.04736328125,0.04345703125,1.56e-06
ibm_torino,2025-11-22_09:47:07,0.00013681764773572355,9.951735293643998e-05,,,0.0631103515625,0.060546875,0.065673828125,1.56e-06
ibm_torino,2025-11-22_09:47:07,0.00021226541679112887,0.00022423757895648,,,0.0167236328125,0.01318359375,0.020263671875,1.56e-06
ibm_torino,2025-11-22_09:47:07,0.00020982744882812974,0.00027770712280984777,,,0.0093994140625,0.009521484375,0.00927734375,1.56e-06
ibm_torino,2025-11-22_09:47:07,0.00015061309124082088,0.00013430710468748873,,,0.0548095703125,0.0791015625,0.030517578125,1.56e-06
ibm_torino,2025-11-22_09:47:07,0.00014658568231984905,7.532965834836738e-05,,,0.0078125,0.007080078125,0.008544921875,1.56e-06
ibm_torino,2025-11-22_09:47:07,0.00017947149387235456,7.487784697049615e-05,,,0.0379638671875,0.04833984375,0.027587890625,1.56e-06
ibm_torino,2025-11-22_09:47:07,8.449827043801762e-05,3.5706770420315095e-05,,,0.048828125,0.03125,0.06640625,1.56e-06
ibm_torino,2025-11-22_09:47:07,0.00023280606134009488,3.918426871269917e-05,,,0.050048828125,0.052001953125,0.048095703125,1.56e-06
ibm_torino,2025-11-22_09:47:07,0.000261491956253695,8.511049040659201e-05,,,0.0106201171875,0.005615234375,0.015625,1.56e-06
ibm_torino,2025-11-22_09:47:07,0.00020537092596690062,9.376733169512955e-05,,,0.0206298828125,0.015380859375,0.02587890625,1.56e-06
ibm_torino,2025-11-22_09:47:07,0.00029079793450706974,0.00013639934959015844,,,0.0159912109375,0.0146484375,0.02099609375,1.56e-06
ibm_torino,2025-11-22_09:47:07,0.00026291237727145314,0.00015341958410795665,,,0.0111083984375,0.0078125,0.014404296875,1.56e-06
ibm_torino,2025-11-22_09:47:07,0.0002591480261397364,0.00022988065789523464,,,0.043212890625,0.019775390625,0.066650390625,1.56e-06
ibm_torino,2025-11-22_09:47:07,0.00019303945984293691,0.0001700401617204221,,,0.0238037109375,0.019287109375,0.0283203125,1.56e-06
ibm_torino,2025-11-22_09:47:07,0.00010494054550484787,0.00011705328074233477,,,0.046142578125,0.051025390625,0.041259765625,1.56e-06
ibm_torino,2025-11-22_09:47:07,5.8622491278919966e-05,8.254807453603481e-05,,,0.0369873046875,0.069091796875,0.0048828125,1.56e-06
ibm_torino,2025-11-22_09:47:07,0.00013600300012695863,2.5405141800754483e-05,,,0.0430908203125,0.049072265625,0.037109375,1.56e-06
ibm_torino,2025-11-22_09:47:07,0.00018583482333403594,0.00018903381920873738,,,0.006103515625,0.00537109375,0.0068359375,1.56e-06
ibm_torino,2025-11-22_09:47:07,0.00021434431582844176,0.00012107691116944406,,,0.0714111328125,0.080078125,0.062744140625,1.56e-06
ibm_torino,2025-11-22_09:47:07,0.0001024163742648169,7.275314369861486e-05,,,0.021240234375,0.010498046875,0.031982421875,1.56e-06
ibm_torino,2025-11-22_09:47:07,0.0002865657498078624,0.00013677420990796134,,,0.08984375,0.08984375,0.08984375,1.56e-06
ibm_torino,2025-11-22_09:47:07,2.939121619445826e-06,6.425945002391585e-06,,,0.03662109375,0.05322265625,0.02001953125,1.56e-06
ibm_torino,2025-11-22_09:47:07,0.00021727974736527114,0.00014617503210689396,,,0.239990234375,0.421630859375,0.058349609375,1.56e-06
ibm_torino,2025-11-22_09:47:07,0.00017847855176651817,0.0001928036166211299,,,0.005615234375,0.005615234375,0.005615234375,1.56e-06
ibm_torino,2025-11-22_09:47:07,0.00016677385927188612,0.00019821630497805364,,,0.1385498046875,0.153564453125,0.12353515625,1.56e-06
ibm_torino,2025-11-22_09:47:07,0.00019032032753671624,0.000175903349844568,,,0.0855712890625,0.065185546875,0.10595703125,1.56e-06
ibm_torino,2025-11-22_09:47:07,0.00013415754139956833,0.00013272550979106105,,,0.0211181640625,0.0126953125,0.029541015625,1.56e-06
ibm_torino,2025-11-22_09:47:07,0.0001760388423057638,9.720472011356952e-05,,,0.011474609375,0.02294921875,0.008544921875,1.56e-06
ibm_torino,2025-11-22_09:47:07,0.00015474818210726087,9.287658176804618e-05,,,0.00634765625,0.00634765625,0.00634765625,1.56e-06
ibm_torino,2025-11-22_09:47:07,0.0001738208085783713,0.0001428977399145159,,,0.01123046875,0.008056640625,0.014404296875,1.56e-06
ibm_torino,2025-11-22_09:47:07,0.00023280682188646094,0.0002049183991878522,,,0.01904296875,0.01806640625,0.02001953125,1.56e-06
ibm_torino,2025-11-22_09:47:07,9.154906329313286e-05,0.00013270865971054912,,,0.0172119140625,0.016845703125,0.017578125,1.56e-06
ibm_torino,2025-11-22_09:47:07,0.00014243452550362438,0.00015146749666525698,,,0.0155029296875,0.0166015625,0.014404296875,1.56e-06
ibm_torino,2025-11-22_09:47:07,9.256302773245244e-05,3.204350795099511e-05,,,0.1236572265625,0.087890625,0.159423828125,1.56e-06
ibm_torino,2025-11-22_09:47:07,0.00023833216035707891,0.00010038057307022056,,,0.017333984375,0.024169921875,0.010498046875,1.56e-06
ibm_torino,2025-11-22_09:47:07,0.0001692894412479157,0.00012987801311086338,,,0.03955078125,0.03662109375,0.04248046875,1.56e-06
ibm_torino,2025-11-22_09:47:07,9.832491065549311e-05,0.0001284140552427979,,,0.06689453125,0.082763671875,0.051025390625,1.56e-06
ibm_torino,2025-11-22_09:47:07,0.00018874667060648102,0.00011100992930288052,,,0.13671875,0.12353515625,0.14990234375,1.56e-06
ibm_torino,2025-11-22_09:47:07,0.00016580014806927832,3.385712415153576e-05,,,0.019287109375,0.01416015625,0.0244140625,1.56e-06
ibm_torino,2025-11-22_09:47:07,0.00021196285729752995,7.312596250482527e-05,,,0.0426025390625,0.0478515625,0.037353515625,1.56e-06
ibm_torino,2025-11-22_09:47:07,0.00010036539594687481,0.00011017352965923388,,,0.0308837890625,0.04736328125,0.014404296875,1.56e-06
ibm_torino,2025-11-22_09:47:07,0.00010780865146782497,3.520320029864078e-05,,,0.075927734375,0.077880859375,0.073974609375,1.56e-06
ibm_torino,2025-11-22_09:47:07,0.00011407701056496313,0.0001306008547628303,,,0.121337890625,0.154052734375,0.088623046875,1.56e-06
ibm_torino,2025-11-22_09:47:07,0.00019972995639074844,0.00010011312849766122,,,0.0316162109375,0.022216796875,0.041015625,1.56e-06
ibm_torino,2025-11-22_09:47:07,2.441163941590278e-05,4.301395649632222e-05,,,0.0155029296875,0.0087890625,0.017578125,1.56e-06
ibm_torino,2025-11-22_09:47:07,0.00023110106742504381,0.0003144305871027755,,,0.0755615234375,0.05322265625,0.097900390625,1.56e-06
ibm_torino,2025-11-22_09:47:07,0.000175435985774053,0.0001310853300041136,,,0.0091552734375,0.00830078125,0.010009765625,1.56e-06
ibm_torino,2025-11-22_09:47:07,0.00021052159470082724,0.0001116226336121288,,,0.0152587890625,0.0087890625,0.021728515625,1.56e-06
ibm_torino,2025-11-22_09:47:07,0.00027707619741414646,0.00019543496357611872,,,0.01220703125,0.009033203125,0.015380859375,1.56e-06
ibm_torino,2025-11-22_09:47:07,0.0002762600656321768,0.000251260422006903,,,0.0439453125,0.039306640625,0.048583984375,1.56e-06
ibm_torino,2025-11-22_09:47:07,0.00017492072354202012,0.00016760847476883847,,,0.0963134765625,0.016845703125,0.17578125,1.56e-06
ibm_torino,2025-11-22_09:47:07,7.953554672488145e-05,9.721830105275297e-05,,,0.1314697265625,0.107421875,0.155517578125,1.56e-06
ibm_torino,2025-11-22_09:47:07,0.0001115839783491651,0.00017746891783011515,,,0.044189453125,0.0380859375,0.05029296875,1.56e-06
ibm_torino,2025-11-22_09:47:07,0.00011036180898283729,6.984580547134508e-05,,,0.007080078125,0.011474609375,0.002685546875,1.56e-06
ibm_torino,2025-11-22_09:47:07,0.0002467063199474538,0.00023527067847723172,,,0.1090087890625,0.078125,0.139892578125,1.56e-06
ibm_torino,2025-11-22_09:47:07,0.00012908018979458497,0.00012191231932895387,,,0.0262451171875,0.026123046875,0.0263671875,1.56e-06
ibm_torino,2025-11-22_09:47:07,0.00011727864196642468,0.00011911076931299592,,,0.029052734375,0.024169921875,0.033935546875,1.56e-06
ibm_torino,2025-11-22_09:47:07,0.0002455200680477633,0.00015554750302955236,,,0.0355224609375,0.0224609375,0.048583984375,1.56e-06
ibm_torino,2025-11-22_09:47:07,0.00016453014643920568,8.411539385316208e-05,,,0.06494140625,0.053955078125,0.075927734375,1.56e-06
ibm_torino,2025-11-22_09:47:07,4.884260745270843e-05,4.782284952400392e-05,,,0.0235595703125,0.03955078125,0.007568359375,1.56e-06
ibm_torino,2025-11-22_09:47:07,0.00013582234511005735,9.862171008253116e-05,,,0.1343994140625,0.157958984375,0.11083984375,1.56e-06
ibm_torino,2025-11-22_09:47:07,0.0002474990482234435,0.00018223133031145615,,,0.0072021484375,0.00830078125,0.004638671875,1.56e-06
ibm_torino,2025-11-22_09:47:07,0.00014011196544595064,0.00013897860530944522,,,0.0870361328125,0.096923828125,0.0771484375,1.56e-06
ibm_torino,2025-11-22_09:47:07,0.00018808398834765916,0.00012593453081922814,,,0.1663818359375,0.169677734375,0.1630859375,1.56e-06
ibm_torino,2025-11-22_09:47:07,0.00034022831233952017,0.00016276631036434906,,,0.090087890625,0.079833984375,0.100341796875,1.56e-06
ibm_torino,2025-11-22_09:47:07,0.00021547874691690643,0.00012889835759757269,,,0.039306640625,0.03759765625,0.041015625,1.56e-06
ibm_torino,2025-11-22_09:47:07,0.0002616141391231838,0.00028185418469900864,,,0.02099609375,0.012939453125,0.029052734375,1.56e-06
ibm_torino,2025-11-22_09:47:07,0.00017402530278297663,5.845457760587127e-05,,,0.0107421875,0.01025390625,0.01123046875,1.56e-06
ibm_torino,2025-11-22_09:47:07,0.0002160751526100395,0.00019960726651392202,,,0.01416015625,0.0107421875,0.017578125,1.56e-06
ibm_marrakesh,2025-11-22_09:47:08,0.0002550454646916014,5.233579087528606e-05,,,0.004638671875,0.007080078125,0.002197265625,2.584e-06
ibm_marrakesh,2025-11-22_09:47:08,0.00018632371363592353,0.00019166199566382958,,,0.0037841796875,0.00537109375,0.002197265625,2.584e-06
ibm_marrakesh,2025-11-22_09:47:08,0.0001950934961829922,0.00023032939183336725,,,0.002685546875,0.0048828125,0.00048828125,2.584e-06
ibm_marrakesh,2025-11-22_09:47:08,0.0003083439509549036,0.0002792878186115979,,,0.0067138671875,0.01025390625,0.003173828125,2.584e-06
ibm_marrakesh,2025-11-22_09:47:08,0.0001632424160206063,0.0001170000641505502,,,0.016845703125,0.032958984375,0.000732421875,2.584e-06
ibm_marrakesh,2025-11-22_09:47:08,0.000272840399347744,0.00012534602572765333,,,0.0054931640625,0.005615234375,0.00537109375,2.584e-06
ibm_marrakesh,2025-11-22_09:47:08,0.00014884529082931876,0.00012948337846742497,,,0.0050048828125,0.00732421875,0.002685546875,2.584e-06
ibm_marrakesh,2025-11-22_09:47:08,0.0003123708999932546,8.632652907776652e-05,,,0.008544921875,0.01220703125,0.0048828125,2.584e-06
ibm_marrakesh,2025-11-22_09:47:08,0.0003058458519898458,9.749822037595645e-05,,,0.0067138671875,0.01318359375,0.000244140625,2.584e-06
ibm_marrakesh,2025-11-22_09:47:08,0.00020901503626551552,0.00018669976475379382,,,0.021728515625,0.017578125,0.02587890625,2.584e-06
ibm_marrakesh,2025-11-22_09:47:08,0.0002637660352841667,0.00012105563585715594,,,0.0037841796875,0.005859375,0.001220703125,2.584e-06
ibm_marrakesh,2025-11-22_09:47:08,0.00026849545162392684,0.00010063567762779824,,,0.0108642578125,0.017822265625,0.00390625,2.584e-06
ibm_marrakesh,2025-11-22_09:47:08,0.0002964305296889001,0.00015758172438718314,,,0.0072021484375,0.011474609375,0.0029296875,2.584e-06
ibm_marrakesh,2025-11-22_09:47:08,0.0002320309469100583,0.00024081035982616986,,,0.048095703125,0.032958984375,0.063232421875,2.584e-06
ibm_marrakesh,2025-11-22_09:47:08,0.00030891473063793956,0.00012666352884098796,,,0.002685546875,0.00439453125,0.0009765625,2.584e-06
ibm_marrakesh,2025-11-22_09:47:08,0.00029039523278615807,2.6035307413002833e-05,,,0.0040283203125,0.00537109375,0.002685546875,2.584e-06
ibm_marrakesh,2025-11-22_09:47:08,0.00014205756118311396,0.00010443828063925739,,,0.00830078125,0.01611328125,0.00048828125,2.584e-06
ibm_marrakesh,2025-11-22_09:47:08,0.00020933245166226638,1.252959862716548e-05,,,0.0057373046875,0.0107421875,0.000732421875,2.584e-06
ibm_marrakesh,2025-11-22_09:47:08,0.00012053565094743412,9.062504991758014e-05,,,0.0084228515625,0.013671875,0.003173828125,2.584e-06
ibm_marrakesh,2025-11-22_09:47:08,0.00016138380993364914,6.041011783139302e-05,,,0.005859375,0.010498046875,0.001220703125,2.584e-06
ibm_marrakesh,2025-11-22_09:47:08,0.00012508075073404745,5.854241336588698e-05,,,0.007080078125,0.013427734375,0.000732421875,2.584e-06
ibm_marrakesh,2025-11-22_09:47:08,0.0002701010276367076,0.00017482420225139352,,,0.005126953125,0.005859375,0.00439453125,2.584e-06
ibm_marrakesh,2025-11-22_09:47:08,0.00011083751477553086,3.5087956341187155e-05,,,0.005615234375,0.0087890625,0.00244140625,2.584e-06
ibm_marrakesh,2025-11-22_09:47:08,0.00024621330253593425,0.00016180546031609609,,,0.0185546875,0.020263671875,0.016845703125,2.584e-06
ibm_marrakesh,2025-11-22_09:47:08,0.00010058084585426502,5.9701422105187476e-05,,,0.0560302734375,0.109130859375,0.0029296875,2.584e-06
ibm_marrakesh,2025-11-22_09:47:08,9.040561572309846e-05,4.036760273393765e-05,,,0.006591796875,0.0087890625,0.00439453125,2.584e-06
ibm_marrakesh,2025-11-22_09:47:08,7.269446391299158e-06,6.319975215751805e-06,,,0.043701171875,0.083984375,0.00341796875,2.584e-06
ibm_marrakesh,2025-11-22_09:47:08,0.00016690258412893302,0.000133944627358023,,,0.0377197265625,0.01953125,0.049072265625,2.584e-06
ibm_marrakesh,2025-11-22_09:47:08,0.00022544497899288455,0.00014074119750200344,,,0.010009765625,0.015380859375,0.004638671875,2.584e-06
ibm_marrakesh,2025-11-22_09:47:08,6.0245518552981e-05,5.802075982650384e-05,,,0.0352783203125,0.039306640625,0.03125,2.584e-06
ibm_marrakesh,2025-11-22_09:47:08,0.00016720001189170694,7.222548819166759e-05,,,0.04345703125,0.031982421875,0.054931640625,2.584e-06
ibm_marrakesh,2025-11-22_09:47:08,0.00016213924226378526,5.626092520557992e-05,,,0.0509033203125,0.096435546875,0.00537109375,2.584e-06
ibm_marrakesh,2025-11-22_09:47:08,0.00021868251403185247,4.269859437777508e-05,,,0.007568359375,0.010986328125,0.004150390625,2.584e-06
ibm_marrakesh,2025-11-22_09:47:08,0.00011463967191382471,0.00012068077022952352,,,0.0108642578125,0.021484375,0.000244140625,2.584e-06
ibm_marrakesh,2025-11-22_09:47:08,0.00014771280601506482,0.00015621957123150663,,,0.00390625,0.0068359375,0.0009765625,2.584e-06
ibm_marrakesh,2025-11-22_09:47:08,0.00018499544312320024,0.00022556328714732986,,,0.012939453125,0.01611328125,0.009765625,2.584e-06
ibm_marrakesh,2025-11-22_09:47:08,0.00014282300609338555,3.9511651497152526e-05,,,0.011474609375,0.021484375,0.00146484375,2.584e-06
ibm_marrakesh,2025-11-22_09:47:08,0.0001767460820983329,1.0315587231284353e-05,,,0.0137939453125,0.022216796875,0.00537109375,2.584e-06
ibm_marrakesh,2025-11-22_09:47:08,9.707288020846126e-05,8.197359224821675e-05,,,0.01123046875,0.02197265625,0.00048828125,2.584e-06
ibm_marrakesh,2025-11-22_09:47:08,0.0001795239123727049,4.851017412228912e-05,,,0.015625,0.026611328125,0.004638671875,2.584e-06
ibm_marrakesh,2025-11-22_09:47:08,0.00019757432517836598,0.00010886294417106169,,,0.298095703125,0.154296875,0.44189453125,2.584e-06
ibm_marrakesh,2025-11-22_09:47:08,0.00020527450655754225,2.6881143631036764e-05,,,0.012939453125,0.0224609375,0.00341796875,2.584e-06
ibm_marrakesh,2025-11-22_09:47:08,0.00031581236753193474,0.00016513496488661426,,,0.0074462890625,0.0107421875,0.004150390625,2.584e-06
ibm_marrakesh,2025-11-22_09:47:08,0.0001281636913318286,5.678312904858248e-05,,,0.00634765625,0.009033203125,0.003662109375,2.584e-06
ibm_marrakesh,2025-11-22_09:47:08,0.0002392846790866361,0.00015720747664250962,,,0.0050048828125,0.01611328125,0.001220703125,2.584e-06
ibm_marrakesh,2025-11-22_09:47:08,8.58862250670991e-05,8.229717032134973e-05,,,0.005615234375,0.0107421875,0.00048828125,2.584e-06
ibm_marrakesh,2025-11-22_09:47:08,0.0001837218989740783,0.00017956858497860886,,,0.0155029296875,0.02880859375,0.002197265625,2.584e-06
ibm_marrakesh,2025-11-22_09:47:08,0.00020761952728198587,0.00011226523292847719,,,0.0048828125,0.00439453125,0.00537109375,2.584e-06
ibm_marrakesh,2025-11-22_09:47:08,0.00018585233051693372,0.0001926658664356867,,,0.0382080078125,0.054931640625,0.021484375,2.584e-06
ibm_marrakesh,2025-11-22_09:47:08,0.0002917458791128862,0.00022243211374718965,,,0.0469970703125,0.08203125,0.011962890625,2.584e-06
ibm_marrakesh,2025-11-22_09:47:08,0.00025510604261984977,0.0001990404384856387,,,0.01953125,0.02294921875,0.01611328125,2.584e-06
ibm_marrakesh,2025-11-22_09:47:08,0.00015425227575450475,0.0002218184865263616,,,0.0576171875,0.074462890625,0.040771484375,2.584e-06
ibm_marrakesh,2025-11-22_09:47:08,0.00016897406881338228,0.00021048228938161292,,,0.0096435546875,0.015380859375,0.00390625,2.584e-06
ibm_marrakesh,2025-11-22_09:47:08,0.0003322391209071401,0.0003151404584538975,,,0.068603515625,0.12744140625,0.009765625,2.584e-06
ibm_marrakesh,2025-11-22_09:47:08,0.00024507257228733367,0.0002909937477982869,,,0.00439453125,0.005126953125,0.003662109375,2.584e-06
ibm_marrakesh,2025-11-22_09:47:08,0.00021433288279250793,7.000602378130354e-05,,,0.0224609375,0.01953125,0.025390625,2.584e-06
ibm_marrakesh,2025-11-22_09:47:08,0.00022937796625806947,0.00019306057559366255,,,0.007568359375,0.01318359375,0.001953125,2.584e-06
ibm_marrakesh,2025-11-22_09:47:08,0.00023538487604227255,0.00015343880888738735,,,0.0079345703125,0.0107421875,0.005126953125,2.584e-06
ibm_marrakesh,2025-11-22_09:47:08,0.0002612846286728621,0.0003041713562012742,,,0.0308837890625,0.041015625,0.020751953125,2.584e-06
ibm_marrakesh,2025-11-22_09:47:08,0.00010368718621009453,0.00013932069267352386,,,0.0125732421875,0.021240234375,0.00390625,2.584e-06
ibm_marrakesh,2025-11-22_09:47:08,0.00018556361463045027,3.1458681632331175e-05,,,0.052001953125,0.0458984375,0.05810546875,2.584e-06
ibm_marrakesh,2025-11-22_09:47:08,0.0003058917758814198,0.00024119280636595103,,,0.0096435546875,0.009765625,0.008056640625,2.584e-06
ibm_marrakesh,2025-11-22_09:47:08,9.872332459221034e-05,4.4027629023273576e-05,,,0.015869140625,0.02734375,0.00439453125,2.584e-06
ibm_marrakesh,2025-11-22_09:47:08,0.00012739648603394982,0.00011343695569034265,,,0.0682373046875,0.050048828125,0.08642578125,2.584e-06
ibm_marrakesh,2025-11-22_09:47:08,0.00017324516452499534,7.205191872162965e-05,,,0.013916015625,0.018310546875,0.009521484375,2.584e-06
ibm_marrakesh,2025-11-22_09:47:08,0.0003161594005674339,7.68690376416226e-05,,,0.0205078125,0.023681640625,0.017333984375,2.584e-06
ibm_marrakesh,2025-11-22_09:47:08,5.5380678337255434e-05,4.758517690750377e-05,,,0.0164794921875,0.029541015625,0.00341796875,2.584e-06
ibm_marrakesh,2025-11-22_09:47:08,0.0001301104071966519,4.6657069727548656e-05,,,0.03662109375,0.0478515625,0.025390625,2.584e-06
ibm_marrakesh,2025-11-22_09:47:08,7.601344577842044e-05,3.174901280109247e-05,,,0.013916015625,0.025390625,0.00244140625,2.584e-06
ibm_marrakesh,2025-11-22_09:47:08,0.00015769012812592045,2.1394026595571183e-05,,,0.0303955078125,0.039794921875,0.02099609375,2.584e-06
ibm_marrakesh,2025-11-22_09:47:08,0.0001545153096164008,2.3384216265188437e-05,,,0.017333984375,0.03125,0.00341796875,2.584e-06
ibm_marrakesh,2025-11-22_09:47:08,0.00015407092342834566,0.00021374412463465544,,,0.0120849609375,0.023681640625,0.00048828125,2.584e-06
ibm_marrakesh,2025-11-22_09:47:08,0.00012603584400034643,3.9631295455466e-05,,,0.013427734375,0.0244140625,0.00244140625,2.584e-06
ibm_marrakesh,2025-11-22_09:47:08,0.00023447578584696557,0.00016455874835932,,,0.007080078125,0.011962890625,0.002197265625,2.584e-06
ibm_marrakesh,2025-11-22_09:47:08,0.00011763264900889151,1.271677229923817e-05,,,0.01904296875,0.02294921875,0.01513671875,2.584e-06
ibm_marrakesh,2025-11-22_09:47:08,0.0004073610301296601,0.0002622078072300543,,,0.0084228515625,0.01220703125,0.004638671875,2.584e-06
ibm_marrakesh,2025-11-22_09:47:08,0.00012486334522253807,4.891991990378604e-05,,,0.0106201171875,0.018310546875,0.0029296875,2.584e-06
ibm_marrakesh,2025-11-22_09:47:08,0.0002091241989285691,0.00013238277741074709,,,0.007080078125,0.009521484375,0.004638671875,2.584e-06
ibm_marrakesh,2025-11-22_09:47:08,0.00014023044799966824,0.00012639116488747512,,,0.0064697265625,0.0146484375,0.001708984375,2.584e-06
ibm_marrakesh,2025-11-22_09:47:08,0.00013680835197707702,4.079344823618414e-05,,,0.104736328125,0.0869140625,0.12255859375,2.584e-06
ibm_marrakesh,2025-11-22_09:47:08,0.00019845837864452252,4.330202272730362e-05,,,0.0050048828125,0.00927734375,0.000732421875,2.584e-06
ibm_marrakesh,2025-11-22_09:47:08,0.00019230201372130075,0.000178340507231582,,,0.0252685546875,0.04736328125,0.003173828125,2.584e-06
ibm_marrakesh,2025-11-22_09:47:08,9.46260460303557e-06,1.159113583369491e-05,,,0.279052734375,0.423828125,0.13427734375,2.584e-06
ibm_marrakesh,2025-11-22_09:47:08,0.0002223102811465205,0.000210788366420175,,,0.1663818359375,0.30126953125,0.031494140625,2.584e-06
ibm_marrakesh,2025-11-22_09:47:08,0.00023441458946570114,0.00019955882191912403,,,0.0135498046875,0.02490234375,0.002197265625,2.584e-06
ibm_marrakesh,2025-11-22_09:47:08,0.0001142852479138617,5.79328463470503e-05,,,0.00439453125,0.0068359375,0.001953125,2.584e-06
ibm_marrakesh,2025-11-22_09:47:08,9.248888335992807e-05,4.609322302174988e-05,,,0.0093994140625,0.01513671875,0.003662109375,2.584e-06
ibm_marrakesh,2025-11-22_09:47:08,0.00022242834941665207,0.00018356982898064633,,,0.009521484375,0.017578125,0.00146484375,2.584e-06
ibm_marrakesh,2025-11-22_09:47:08,0.00021160532275019887,0.0001853926012301051,,,0.0264892578125,0.02880859375,0.024169921875,2.584e-06
ibm_marrakesh,2025-11-22_09:47:08,0.00023622051890444379,0.00027771557436695156,,,0.005859375,0.0087890625,0.0029296875,2.584e-06
ibm_marrakesh,2025-11-22_09:47:08,6.786745050827278e-05,0.00010055415283200698,,,0.01708984375,0.0263671875,0.0078125,2.584e-06
ibm_marrakesh,2025-11-22_09:47:08,0.00014374320798297117,0.00022503671226893114,,,0.007568359375,0.01318359375,0.001953125,2.584e-06
ibm_marrakesh,2025-11-22_09:47:08,0.00022724046998950535,0.00024694773985047393,,,0.0072021484375,0.0126953125,0.001708984375,2.584e-06
ibm_marrakesh,2025-11-22_09:47:08,0.00024298140442361975,0.0001985605577573619,,,0.015625,0.02978515625,0.00146484375,2.584e-06
ibm_marrakesh,2025-11-22_09:47:08,0.00032669225241258314,0.0003055401714020589,,,0.00390625,0.005859375,0.001953125,2.584e-06
ibm_marrakesh,2025-11-22_09:47:08,0.0002474803631168642,0.000445460982490289,,,0.0101318359375,0.0126953125,0.010009765625,2.584e-06
ibm_marrakesh,2025-11-22_09:47:08,0.00013211215243840756,2.7147672869830525e-05,,,0.0533447265625,0.092041015625,0.0146484375,2.584e-06
ibm_marrakesh,2025-11-22_09:47:08,0.0002512203180997225,7.00053179227568e-05,,,0.0108642578125,0.016845703125,0.0048828125,2.584e-06
ibm_marrakesh,2025-11-22_09:47:08,0.00028123843713678495,3.5647001277335726e-05,,,0.0052490234375,0.008544921875,0.001953125,2.584e-06
ibm_marrakesh,2025-11-22_09:47:08,9.691836220205132e-05,2.5081773312299706e-05,,,0.01123046875,0.02197265625,0.00048828125,2.584e-06
ibm_marrakesh,2025-11-22_09:47:08,0.00010605164877564332,0.00012718001169628778,,,0.01123046875,0.021240234375,0.001220703125,2.584e-06
ibm_marrakesh,2025-11-22_09:47:08,0.0001538353636749067,4.393482455964252e-05,,,0.02099609375,0.039306640625,0.002685546875,2.584e-06
ibm_marrakesh,2025-11-22_09:47:08,9.764157514316574e-05,8.568314416162667e-05,,,0.0186767578125,0.025634765625,0.01171875,2.584e-06
ibm_marrakesh,2025-11-22_09:47:08,0.0001004420999832937,4.229675168686821e-05,,,0.01171875,0.022705078125,0.000732421875,2.584e-06
ibm_marrakesh,2025-11-22_09:47:08,0.0002886982544732544,0.0002075240735091337,,,0.0076904296875,0.0126953125,0.002685546875,2.584e-06
ibm_marrakesh,2025-11-22_09:47:08,0.00010621856604899592,7.302563476870827e-05,,,0.0093994140625,0.01318359375,0.005615234375,2.584e-06
ibm_marrakesh,2025-11-22_09:47:08,0.00022035305520537912,0.00016234075778397456,,,0.0145263671875,0.019775390625,0.00927734375,2.584e-06
ibm_marrakesh,2025-11-22_09:47:08,0.00018746054097695832,0.00017696167998926238,,,0.0113525390625,0.01953125,0.003173828125,2.584e-06
ibm_marrakesh,2025-11-22_09:47:08,2.255346555679457e-05,2.103949298812945e-05,,,0.022216796875,0.030029296875,0.014404296875,2.584e-06
ibm_marrakesh,2025-11-22_09:47:08,0.0003042207807532371,0.00011278602306322722,,,0.00830078125,0.01171875,0.0048828125,2.584e-06
ibm_marrakesh,2025-11-22_09:47:08,0.00030571805432858884,0.00027518354284445843,,,0.0079345703125,0.008056640625,0.0078125,2.584e-06
ibm_marrakesh,2025-11-22_09:47:08,0.00020749232526063398,0.00018275562200917325,,,0.009521484375,0.016357421875,0.002685546875,2.584e-06
ibm_marrakesh,2025-11-22_09:47:08,0.0002928577716396031,0.00016002371662473196,,,0.0045166015625,0.009765625,0.002685546875,2.584e-06
ibm_marrakesh,2025-11-22_09:47:08,0.00014502275536994787,0.00012111110201074951,,,0.2882080078125,0.480712890625,0.095703125,2.584e-06
ibm_marrakesh,2025-11-22_09:47:08,0.00025888754801753496,0.00038086407432015037,,,0.003662109375,0.005615234375,0.001708984375,2.584e-06
ibm_marrakesh,2025-11-22_09:47:08,0.00019753399992491512,7.281919926447322e-05,,,0.0048828125,0.007568359375,0.002197265625,2.584e-06
ibm_marrakesh,2025-11-22_09:47:08,8.442898095455446e-05,0.00012196226450199963,,,0.0653076171875,0.066162109375,0.064453125,2.584e-06
ibm_marrakesh,2025-11-22_09:47:08,0.00023516411196047518,1.0114952050826577e-05,,,0.0098876953125,0.017333984375,0.00244140625,2.584e-06
ibm_marrakesh,2025-11-22_09:47:08,0.00014189780409373963,7.36046795004453e-05,,,0.013427734375,0.02197265625,0.0048828125,2.584e-06
ibm_marrakesh,2025-11-22_09:47:08,0.0002779612440199379,7.56274732378708e-05,,,0.2064208984375,0.40380859375,0.009033203125,2.584e-06
ibm_marrakesh,2025-11-22_09:47:08,0.00021533416965235135,7.365277540414506e-05,,,0.007568359375,0.011474609375,0.003662109375,2.584e-06
ibm_marrakesh,2025-11-22_09:47:08,0.00022291382769040722,0.00026114846156293935,,,0.04638671875,0.0869140625,0.005859375,2.584e-06
ibm_marrakesh,2025-11-22_09:47:08,0.00011948391779904731,2.3460369032074066e-05,,,0.0118408203125,0.02197265625,0.001708984375,2.584e-06
ibm_marrakesh,2025-11-22_09:47:08,0.00018284572644692725,9.498280205468602e-05,,,0.00927734375,0.01025390625,0.00830078125,2.584e-06
ibm_marrakesh,2025-11-22_09:47:08,0.00014861824645268895,0.00011242194887726578,,,0.0079345703125,0.014404296875,0.00146484375,2.584e-06
ibm_marrakesh,2025-11-22_09:47:08,0.00022992254891543158,5.37633298816245e-05,,,0.010498046875,0.019287109375,0.001708984375,2.584e-06
ibm_marrakesh,2025-11-22_09:47:08,0.00011368161258923057,3.9331427336648794e-05,,,0.00732421875,0.013671875,0.0009765625,2.584e-06
ibm_marrakesh,2025-11-22_09:47:08,0.0002609512020813062,2.102698890167043e-05,,,0.02685546875,0.0361328125,0.017578125,2.584e-06
ibm_marrakesh,2025-11-22_09:47:08,0.00019837369300414984,0.00024076270099462598,,,0.007568359375,0.01171875,0.00341796875,2.584e-06
ibm_marrakesh,2025-11-22_09:47:08,0.0002717037208973488,0.0002808074064727802,,,0.0107421875,0.0146484375,0.001220703125,2.584e-06
ibm_marrakesh,2025-11-22_09:47:08,0.00023984855942166378,1.960414743667485e-05,,,0.122314453125,0.12060546875,0.1240234375,2.584e-06
ibm_marrakesh,2025-11-22_09:47:08,0.00024717187510646887,0.0001993385809368554,,,0.00341796875,0.00537109375,0.00146484375,2.584e-06
ibm_marrakesh,2025-11-22_09:47:08,0.0002866176413881274,8.43208385272239e-05,,,0.0064697265625,0.01171875,0.001220703125,2.584e-06
ibm_marrakesh,2025-11-22_09:47:08,0.00032780968669077405,0.0002810615906430883,,,0.0133056640625,0.02490234375,0.001708984375,2.584e-06
ibm_marrakesh,2025-11-22_09:47:08,0.0002592108920214462,8.534311276570957e-05,,,0.0057373046875,0.009765625,0.001708984375,2.584e-06
ibm_marrakesh,2025-11-22_09:47:08,0.00034756241263862324,7.693031340337957e-05,,,0.0599365234375,0.039794921875,0.080078125,2.584e-06
ibm_marrakesh,2025-11-22_09:47:08,0.0002314539586337464,8.252863888571477e-05,,,0.0078125,0.014404296875,0.001220703125,2.584e-06
ibm_marrakesh,2025-11-22_09:47:08,0.00011206412885766369,6.202849303288695e-05,,,0.018798828125,0.035888671875,0.001708984375,2.584e-06
ibm_marrakesh,2025-11-22_09:47:08,0.00023800491632612025,0.00020009042520607997,,,0.005859375,0.00732421875,0.00439453125,2.584e-06
ibm_marrakesh,2025-11-22_09:47:08,0.00017078512881782307,0.00022500432254691174,,,0.0074462890625,0.01318359375,0.001708984375,2.584e-06
ibm_marrakesh,2025-11-22_09:47:08,0.0002347785184895132,5.7888993887939436e-05,,,0.0137939453125,0.0244140625,0.003173828125,2.584e-06
ibm_marrakesh,2025-11-22_09:47:08,0.0001849162049802971,0.0001924173149552221,,,0.0191650390625,0.0166015625,0.021728515625,2.584e-06
ibm_marrakesh,2025-11-22_09:47:08,0.0001994701744043672,9.577593755713663e-05,,,0.0047607421875,0.00830078125,0.001220703125,2.584e-06
ibm_marrakesh,2025-11-22_09:47:08,0.00016742232900681173,5.6077041240295235e-05,,,0.007568359375,0.0146484375,0.00048828125,2.584e-06
ibm_marrakesh,2025-11-22_09:47:08,8.839518892222034e-05,2.4645022300996718e-05,,,0.0091552734375,0.017333984375,0.0009765625,2.584e-06
ibm_marrakesh,2025-11-22_09:47:08,0.00011030609266117604,0.00010973165470906857,,,0.017822265625,0.033935546875,0.001708984375,2.584e-06
ibm_marrakesh,2025-11-22_09:47:08,0.00017062771203012075,6.691800446322681e-05,,,0.0089111328125,0.00830078125,0.00048828125,2.584e-06
ibm_marrakesh,2025-11-22_09:47:08,0.00029221972502284393,5.230035255076266e-05,,,0.0057373046875,0.00732421875,0.004150390625,2.584e-06
ibm_marrakesh,2025-11-22_09:47:08,0.00025013942838411716,0.00010043592850178824,,,0.004150390625,0.00634765625,0.001953125,2.584e-06
ibm_marrakesh,2025-11-22_09:47:08,0.00014912798120849004,8.175041930413198e-05,,,0.005126953125,0.00927734375,0.0009765625,2.584e-06
ibm_marrakesh,2025-11-22_09:47:08,0.000177242864782786,6.974436615885951e-05,,,0.0426025390625,0.064453125,0.020751953125,2.584e-06
ibm_marrakesh,2025-11-22_09:47:08,0.00016441790599278173,6.538275790676903e-05,,,0.0091552734375,0.010986328125,0.00732421875,2.584e-06
ibm_marrakesh,2025-11-22_09:47:08,0.00034179843486078837,0.00024477185216762094,,,0.015380859375,0.014892578125,0.015869140625,2.584e-06
ibm_marrakesh,2025-11-22_09:47:08,0.00021478773641379968,0.00022491435139309466,,,0.0059814453125,0.007568359375,0.00439453125,2.584e-06
ibm_marrakesh,2025-11-22_09:47:08,0.00034644998114762444,1.351781756785124e-05,,,0.0064697265625,0.0107421875,0.002197265625,2.584e-06
ibm_marrakesh,2025-11-22_09:47:08,0.00037773681983201216,0.0001330169947764882,,,0.0076904296875,0.005615234375,0.009765625,2.584e-06
